sensor_id;sensor_type;location;lat;lon;timestamp;P1;durP1;ratioP1;P2;durP2;ratioP2
27552;SDS011;14996;53.42309106;-1.52489752;2020-04-13T00:01:02;18.35;;;4.05;;
27552;SDS011;14996;53.42309106;-1.52489752;2020-04-13T00:03:38;20.42;;;4.45;;
27552;SDS011;14996;53.42309106;-1.52489752;2020-04-13T00:06:04;18.17;;;3.47;;
27552;SDS011;14996;53.42309106;-1.52489752;2020-04-13T00:08:30;20.88;;;4.40;;
27552;SDS011;14996;53.42309106;-1.52489752;2020-04-13T00:10:56;24.75;;;4.25;;
27552;SDS011;14996;53.42309106;-1.52489752;2020-04-13T00:13:21;28.15;;;4.87;;
27552;SDS011;14996;53.42309106;-1.52489752;2020-04-13T00:15:47;25.10;;;4.45;;
27552;SDS011;14996;53.42309106;-1.52489752;2020-04-13T00:18:13;25.45;;;5.07;;
27552;SDS011;14996;53.42309106;-1.52489752;2020-04-13T00:20:56;20.05;;;4.78;;
27552;SDS011;14996;53.42309106;-1.52489752;2020-04-13T00:23:22;26.62;;;5.03;;
27552;SDS011;14996;53.42309106;-1.52489752;2020-04-13T00:25:48;34.20;;;5.40;;
27552;SDS011;14996;53.42309106;-1.52489752;2020-04-13T00:28:13;28.35;;;5.25;;
27552;SDS011;14996;53.42309106;-1.52489752;2020-04-13T00:30:39;19.70;;;4.25;;
27552;SDS011;14996;53.42309106;-1.52489752;2020-04-13T00:33:05;25.90;;;4.57;;
27552;SDS011;14996;53.42309106;-1.52489752;2020-04-13T00:35:31;28.98;;;4.47;;
27552;SDS011;14996;53.42309106;-1.52489752;2020-04-13T00:37:56;24.23;;;4.25;;
27552;SDS011;14996;53.42309106;-1.52489752;2020-04-13T00:40:22;26.77;;;5.32;;
27552;SDS011;14996;53.42309106;-1.52489752;2020-04-13T00:42:48;27.17;;;5.00;;
27552;SDS011;14996;53.42309106;-1.52489752;2020-04-13T00:45:13;21.37;;;4.57;;
27552;SDS011;14996;53.42309106;-1.52489752;2020-04-13T00:47:39;30.08;;;4.80;;
27552;SDS011;14996;53.42309106;-1.52489752;2020-04-13T00:50:05;20.98;;;4.53;;
27552;SDS011;14996;53.42309106;-1.52489752;2020-04-13T00:52:30;28.30;;;5.03;;
27552;SDS011;14996;53.42309106;-1.52489752;2020-04-13T00:54:56;24.70;;;4.37;;
27552;SDS011;14996;53.42309106;-1.52489752;2020-04-13T00:57:21;27.40;;;4.57;;
27552;SDS011;14996;53.42309106;-1.52489752;2020-04-13T00:59:47;23.80;;;3.85;;
27552;SDS011;14996;53.42309106;-1.52489752;2020-04-13T01:02:13;25.60;;;5.43;;
27552;SDS011;14996;53.42309106;-1.52489752;2020-04-13T01:04:44;25.33;;;4.55;;
27552;SDS011;14996;53.42309106;-1.52489752;2020-04-13T01:07:10;26.52;;;5.35;;
27552;SDS011;14996;53.42309106;-1.52489752;2020-04-13T01:09:36;28.23;;;4.37;;
27552;SDS011;14996;53.42309106;-1.52489752;2020-04-13T01:12:01;22.17;;;4.18;;
27552;SDS011;14996;53.42309106;-1.52489752;2020-04-13T01:14:28;20.33;;;4.00;;
27552;SDS011;14996;53.42309106;-1.52489752;2020-04-13T01:16:53;23.42;;;4.60;;
27552;SDS011;14996;53.42309106;-1.52489752;2020-04-13T01:19:19;26.02;;;6.10;;
27552;SDS011;14996;53.42309106;-1.52489752;2020-04-13T01:21:45;20.75;;;4.82;;
27552;SDS011;14996;53.42309106;-1.52489752;2020-04-13T01:24:10;27.35;;;4.85;;
27552;SDS011;14996;53.42309106;-1.52489752;2020-04-13T01:26:36;25.12;;;4.03;;
27552;SDS011;14996;53.42309106;-1.52489752;2020-04-13T01:29:02;26.87;;;5.20;;
27552;SDS011;14996;53.42309106;-1.52489752;2020-04-13T01:31:27;28.27;;;4.57;;
27552;SDS011;14996;53.42309106;-1.52489752;2020-04-13T01:33:53;24.17;;;4.60;;
27552;SDS011;14996;53.42309106;-1.52489752;2020-04-13T01:36:19;25.12;;;4.60;;
27552;SDS011;14996;53.42309106;-1.52489752;2020-04-13T01:38:45;24.65;;;5.00;;
27552;SDS011;14996;53.42309106;-1.52489752;2020-04-13T01:41:11;20.30;;;4.60;;
27552;SDS011;14996;53.42309106;-1.52489752;2020-04-13T01:43:36;31.87;;;5.82;;
27552;SDS011;14996;53.42309106;-1.52489752;2020-04-13T01:46:02;27.45;;;5.25;;
27552;SDS011;14996;53.42309106;-1.52489752;2020-04-13T01:48:28;22.92;;;4.10;;
27552;SDS011;14996;53.42309106;-1.52489752;2020-04-13T01:50:54;23.65;;;4.87;;
27552;SDS011;14996;53.42309106;-1.52489752;2020-04-13T01:53:19;29.00;;;4.93;;
27552;SDS011;14996;53.42309106;-1.52489752;2020-04-13T01:55:45;31.62;;;5.40;;
27552;SDS011;14996;53.42309106;-1.52489752;2020-04-13T01:58:10;28.45;;;5.25;;
27552;SDS011;14996;53.42309106;-1.52489752;2020-04-13T02:00:36;23.30;;;5.32;;
27552;SDS011;14996;53.42309106;-1.52489752;2020-04-13T02:03:02;20.98;;;4.65;;
27552;SDS011;14996;53.42309106;-1.52489752;2020-04-13T02:05:29;23.83;;;5.25;;
27552;SDS011;14996;53.42309106;-1.52489752;2020-04-13T02:07:55;20.85;;;4.62;;
27552;SDS011;14996;53.42309106;-1.52489752;2020-04-13T02:10:20;27.98;;;4.55;;
27552;SDS011;14996;53.42309106;-1.52489752;2020-04-13T02:12:46;26.00;;;4.55;;
27552;SDS011;14996;53.42309106;-1.52489752;2020-04-13T02:15:12;25.77;;;4.90;;
27552;SDS011;14996;53.42309106;-1.52489752;2020-04-13T02:17:38;25.50;;;5.70;;
27552;SDS011;14996;53.42309106;-1.52489752;2020-04-13T02:20:05;22.50;;;4.32;;
27552;SDS011;14996;53.42309106;-1.52489752;2020-04-13T02:22:31;24.70;;;4.05;;
27552;SDS011;14996;53.42309106;-1.52489752;2020-04-13T02:24:56;48.30;;;5.53;;
27552;SDS011;14996;53.42309106;-1.52489752;2020-04-13T02:27:22;26.75;;;5.68;;
27552;SDS011;14996;53.42309106;-1.52489752;2020-04-13T02:29:48;26.55;;;5.10;;
27552;SDS011;14996;53.42309106;-1.52489752;2020-04-13T02:32:36;25.23;;;4.45;;
27552;SDS011;14996;53.42309106;-1.52489752;2020-04-13T02:35:02;25.60;;;4.90;;
27552;SDS011;14996;53.42309106;-1.52489752;2020-04-13T02:37:34;24.35;;;4.78;;
27552;SDS011;14996;53.42309106;-1.52489752;2020-04-13T02:40:05;32.42;;;5.47;;
27552;SDS011;14996;53.42309106;-1.52489752;2020-04-13T02:42:38;23.67;;;5.07;;
27552;SDS011;14996;53.42309106;-1.52489752;2020-04-13T02:45:04;25.45;;;5.45;;
27552;SDS011;14996;53.42309106;-1.52489752;2020-04-13T02:47:30;28.48;;;5.53;;
27552;SDS011;14996;53.42309106;-1.52489752;2020-04-13T02:49:56;29.90;;;5.07;;
27552;SDS011;14996;53.42309106;-1.52489752;2020-04-13T02:52:21;17.87;;;4.43;;
27552;SDS011;14996;53.42309106;-1.52489752;2020-04-13T02:54:47;28.58;;;5.10;;
27552;SDS011;14996;53.42309106;-1.52489752;2020-04-13T02:57:12;23.08;;;5.05;;
27552;SDS011;14996;53.42309106;-1.52489752;2020-04-13T02:59:38;29.33;;;4.55;;
27552;SDS011;14996;53.42309106;-1.52489752;2020-04-13T03:02:04;23.12;;;4.65;;
27552;SDS011;14996;53.42309106;-1.52489752;2020-04-13T03:04:29;25.75;;;4.70;;
27552;SDS011;14996;53.42309106;-1.52489752;2020-04-13T03:06:55;24.70;;;4.43;;
27552;SDS011;14996;53.42309106;-1.52489752;2020-04-13T03:09:21;19.55;;;4.78;;
27552;SDS011;14996;53.42309106;-1.52489752;2020-04-13T03:11:46;24.98;;;5.30;;
27552;SDS011;14996;53.42309106;-1.52489752;2020-04-13T03:14:12;24.67;;;4.65;;
27552;SDS011;14996;53.42309106;-1.52489752;2020-04-13T03:16:50;25.67;;;3.87;;
27552;SDS011;14996;53.42309106;-1.52489752;2020-04-13T03:19:21;18.65;;;3.95;;
27552;SDS011;14996;53.42309106;-1.52489752;2020-04-13T03:22:02;21.25;;;4.80;;
27552;SDS011;14996;53.42309106;-1.52489752;2020-04-13T03:24:37;20.62;;;3.55;;
27552;SDS011;14996;53.42309106;-1.52489752;2020-04-13T03:27:02;20.27;;;4.80;;
27552;SDS011;14996;53.42309106;-1.52489752;2020-04-13T03:29:28;20.90;;;4.35;;
27552;SDS011;14996;53.42309106;-1.52489752;2020-04-13T03:31:54;27.17;;;5.45;;
27552;SDS011;14996;53.42309106;-1.52489752;2020-04-13T03:34:19;24.17;;;4.70;;
27552;SDS011;14996;53.42309106;-1.52489752;2020-04-13T03:36:45;24.37;;;3.97;;
27552;SDS011;14996;53.42309106;-1.52489752;2020-04-13T03:39:10;21.05;;;4.43;;
27552;SDS011;14996;53.42309106;-1.52489752;2020-04-13T03:41:36;21.83;;;4.40;;
27552;SDS011;14996;53.42309106;-1.52489752;2020-04-13T03:44:02;19.62;;;3.58;;
27552;SDS011;14996;53.42309106;-1.52489752;2020-04-13T03:46:27;15.63;;;3.92;;
27552;SDS011;14996;53.42309106;-1.52489752;2020-04-13T03:48:53;21.52;;;4.00;;
27552;SDS011;14996;53.42309106;-1.52489752;2020-04-13T03:51:30;17.02;;;4.05;;
27552;SDS011;14996;53.42309106;-1.52489752;2020-04-13T03:54:16;24.45;;;4.18;;
27552;SDS011;14996;53.42309106;-1.52489752;2020-04-13T03:56:43;23.58;;;3.97;;
27552;SDS011;14996;53.42309106;-1.52489752;2020-04-13T03:59:09;29.30;;;3.78;;
27552;SDS011;14996;53.42309106;-1.52489752;2020-04-13T04:01:35;31.08;;;4.55;;
27552;SDS011;14996;53.42309106;-1.52489752;2020-04-13T04:04:03;19.42;;;4.05;;
27552;SDS011;14996;53.42309106;-1.52489752;2020-04-13T04:06:29;20.75;;;4.10;;
27552;SDS011;14996;53.42309106;-1.52489752;2020-04-13T04:08:54;19.00;;;4.28;;
27552;SDS011;14996;53.42309106;-1.52489752;2020-04-13T04:11:20;22.27;;;4.00;;
27552;SDS011;14996;53.42309106;-1.52489752;2020-04-13T04:13:47;21.12;;;4.00;;
27552;SDS011;14996;53.42309106;-1.52489752;2020-04-13T04:16:12;24.08;;;4.30;;
27552;SDS011;14996;53.42309106;-1.52489752;2020-04-13T04:18:41;16.40;;;3.65;;
27552;SDS011;14996;53.42309106;-1.52489752;2020-04-13T04:21:08;21.37;;;3.80;;
27552;SDS011;14996;53.42309106;-1.52489752;2020-04-13T04:23:34;13.30;;;3.17;;
27552;SDS011;14996;53.42309106;-1.52489752;2020-04-13T04:26:00;17.52;;;3.60;;
27552;SDS011;14996;53.42309106;-1.52489752;2020-04-13T04:28:25;18.50;;;4.10;;
27552;SDS011;14996;53.42309106;-1.52489752;2020-04-13T04:30:51;15.20;;;3.80;;
27552;SDS011;14996;53.42309106;-1.52489752;2020-04-13T04:33:17;19.10;;;4.03;;
27552;SDS011;14996;53.42309106;-1.52489752;2020-04-13T04:35:43;21.15;;;3.92;;
27552;SDS011;14996;53.42309106;-1.52489752;2020-04-13T04:38:09;18.20;;;4.35;;
27552;SDS011;14996;53.42309106;-1.52489752;2020-04-13T04:40:34;24.25;;;4.28;;
27552;SDS011;14996;53.42309106;-1.52489752;2020-04-13T04:43:00;16.05;;;3.90;;
27552;SDS011;14996;53.42309106;-1.52489752;2020-04-13T04:45:25;23.85;;;4.65;;
27552;SDS011;14996;53.42309106;-1.52489752;2020-04-13T04:47:51;17.27;;;3.40;;
27552;SDS011;14996;53.42309106;-1.52489752;2020-04-13T04:50:17;17.20;;;3.58;;
27552;SDS011;14996;53.42309106;-1.52489752;2020-04-13T04:52:42;22.23;;;4.87;;
27552;SDS011;14996;53.42309106;-1.52489752;2020-04-13T04:55:08;13.27;;;3.35;;
27552;SDS011;14996;53.42309106;-1.52489752;2020-04-13T04:57:34;11.98;;;3.55;;
27552;SDS011;14996;53.42309106;-1.52489752;2020-04-13T04:59:59;18.50;;;5.03;;
27552;SDS011;14996;53.42309106;-1.52489752;2020-04-13T05:02:25;17.77;;;3.40;;
27552;SDS011;14996;53.42309106;-1.52489752;2020-04-13T05:04:51;13.93;;;2.85;;
27552;SDS011;14996;53.42309106;-1.52489752;2020-04-13T05:07:16;21.12;;;4.10;;
27552;SDS011;14996;53.42309106;-1.52489752;2020-04-13T05:09:42;14.90;;;3.42;;
27552;SDS011;14996;53.42309106;-1.52489752;2020-04-13T05:12:07;19.10;;;4.32;;
27552;SDS011;14996;53.42309106;-1.52489752;2020-04-13T05:14:33;19.08;;;3.67;;
27552;SDS011;14996;53.42309106;-1.52489752;2020-04-13T05:16:59;21.60;;;4.62;;
27552;SDS011;14996;53.42309106;-1.52489752;2020-04-13T05:19:24;19.45;;;4.37;;
27552;SDS011;14996;53.42309106;-1.52489752;2020-04-13T05:21:50;16.12;;;3.65;;
27552;SDS011;14996;53.42309106;-1.52489752;2020-04-13T05:24:16;16.35;;;4.12;;
27552;SDS011;14996;53.42309106;-1.52489752;2020-04-13T05:26:41;20.25;;;3.92;;
27552;SDS011;14996;53.42309106;-1.52489752;2020-04-13T05:29:07;23.50;;;4.28;;
27552;SDS011;14996;53.42309106;-1.52489752;2020-04-13T05:31:33;15.48;;;3.35;;
27552;SDS011;14996;53.42309106;-1.52489752;2020-04-13T05:34:08;16.58;;;4.00;;
27552;SDS011;14996;53.42309106;-1.52489752;2020-04-13T05:36:33;12.90;;;3.25;;
27552;SDS011;14996;53.42309106;-1.52489752;2020-04-13T05:38:59;12.65;;;3.28;;
27552;SDS011;14996;53.42309106;-1.52489752;2020-04-13T05:41:25;20.98;;;3.90;;
27552;SDS011;14996;53.42309106;-1.52489752;2020-04-13T05:43:50;16.60;;;3.17;;
27552;SDS011;14996;53.42309106;-1.52489752;2020-04-13T05:46:16;20.17;;;3.78;;
27552;SDS011;14996;53.42309106;-1.52489752;2020-04-13T05:48:42;18.27;;;4.12;;
27552;SDS011;14996;53.42309106;-1.52489752;2020-04-13T05:51:07;15.52;;;3.75;;
27552;SDS011;14996;53.42309106;-1.52489752;2020-04-13T05:53:33;11.82;;;3.50;;
27552;SDS011;14996;53.42309106;-1.52489752;2020-04-13T05:55:59;12.73;;;2.90;;
27552;SDS011;14996;53.42309106;-1.52489752;2020-04-13T05:58:24;21.17;;;3.90;;
27552;SDS011;14996;53.42309106;-1.52489752;2020-04-13T06:00:50;12.30;;;2.90;;
27552;SDS011;14996;53.42309106;-1.52489752;2020-04-13T06:03:15;14.77;;;3.55;;
27552;SDS011;14996;53.42309106;-1.52489752;2020-04-13T06:05:41;16.17;;;3.00;;
27552;SDS011;14996;53.42309106;-1.52489752;2020-04-13T06:08:25;16.87;;;3.20;;
27552;SDS011;14996;53.42309106;-1.52489752;2020-04-13T06:10:56;17.67;;;3.50;;
27552;SDS011;14996;53.42309106;-1.52489752;2020-04-13T06:13:23;14.18;;;3.97;;
27552;SDS011;14996;53.42309106;-1.52489752;2020-04-13T06:15:48;16.33;;;3.65;;
27552;SDS011;14996;53.42309106;-1.52489752;2020-04-13T06:18:14;22.37;;;4.82;;
27552;SDS011;14996;53.42309106;-1.52489752;2020-04-13T06:20:40;23.73;;;3.97;;
27552;SDS011;14996;53.42309106;-1.52489752;2020-04-13T06:23:05;15.88;;;4.45;;
27552;SDS011;14996;53.42309106;-1.52489752;2020-04-13T06:25:31;14.25;;;3.87;;
27552;SDS011;14996;53.42309106;-1.52489752;2020-04-13T06:27:57;14.45;;;3.37;;
27552;SDS011;14996;53.42309106;-1.52489752;2020-04-13T06:30:22;14.40;;;3.40;;
27552;SDS011;14996;53.42309106;-1.52489752;2020-04-13T06:32:48;13.40;;;3.37;;
27552;SDS011;14996;53.42309106;-1.52489752;2020-04-13T06:35:14;14.63;;;3.50;;
27552;SDS011;14996;53.42309106;-1.52489752;2020-04-13T06:37:39;16.65;;;3.35;;
27552;SDS011;14996;53.42309106;-1.52489752;2020-04-13T06:40:05;16.12;;;3.50;;
27552;SDS011;14996;53.42309106;-1.52489752;2020-04-13T06:42:33;14.52;;;3.05;;
27552;SDS011;14996;53.42309106;-1.52489752;2020-04-13T06:45:00;16.58;;;3.47;;
27552;SDS011;14996;53.42309106;-1.52489752;2020-04-13T06:47:25;19.85;;;3.90;;
27552;SDS011;14996;53.42309106;-1.52489752;2020-04-13T06:49:51;15.25;;;3.92;;
27552;SDS011;14996;53.42309106;-1.52489752;2020-04-13T06:52:17;12.20;;;3.47;;
27552;SDS011;14996;53.42309106;-1.52489752;2020-04-13T06:54:43;14.93;;;3.25;;
27552;SDS011;14996;53.42309106;-1.52489752;2020-04-13T06:57:09;14.63;;;3.55;;
27552;SDS011;14996;53.42309106;-1.52489752;2020-04-13T06:59:35;21.27;;;4.78;;
27552;SDS011;14996;53.42309106;-1.52489752;2020-04-13T07:02:13;16.37;;;4.30;;
27552;SDS011;14996;53.42309106;-1.52489752;2020-04-13T07:04:41;24.02;;;4.95;;
27552;SDS011;14996;53.42309106;-1.52489752;2020-04-13T07:07:07;21.65;;;4.12;;
27552;SDS011;14996;53.42309106;-1.52489752;2020-04-13T07:09:34;16.08;;;3.92;;
27552;SDS011;14996;53.42309106;-1.52489752;2020-04-13T07:12:00;15.77;;;3.30;;
27552;SDS011;14996;53.42309106;-1.52489752;2020-04-13T07:14:25;20.90;;;3.65;;
27552;SDS011;14996;53.42309106;-1.52489752;2020-04-13T07:16:51;22.33;;;4.93;;
27552;SDS011;14996;53.42309106;-1.52489752;2020-04-13T07:19:17;20.95;;;4.15;;
27552;SDS011;14996;53.42309106;-1.52489752;2020-04-13T07:21:44;18.15;;;4.22;;
27552;SDS011;14996;53.42309106;-1.52489752;2020-04-13T07:24:10;20.65;;;4.45;;
27552;SDS011;14996;53.42309106;-1.52489752;2020-04-13T07:26:36;17.33;;;4.80;;
27552;SDS011;14996;53.42309106;-1.52489752;2020-04-13T07:29:02;15.02;;;4.47;;
27552;SDS011;14996;53.42309106;-1.52489752;2020-04-13T07:31:28;18.55;;;5.03;;
27552;SDS011;14996;53.42309106;-1.52489752;2020-04-13T07:33:54;21.35;;;4.03;;
27552;SDS011;14996;53.42309106;-1.52489752;2020-04-13T07:36:20;14.40;;;4.72;;
27552;SDS011;14996;53.42309106;-1.52489752;2020-04-13T07:38:46;23.27;;;4.87;;
27552;SDS011;14996;53.42309106;-1.52489752;2020-04-13T07:41:12;19.85;;;4.90;;
27552;SDS011;14996;53.42309106;-1.52489752;2020-04-13T07:43:38;20.75;;;4.68;;
27552;SDS011;14996;53.42309106;-1.52489752;2020-04-13T07:46:03;19.27;;;6.47;;
27552;SDS011;14996;53.42309106;-1.52489752;2020-04-13T07:48:29;21.95;;;5.65;;
27552;SDS011;14996;53.42309106;-1.52489752;2020-04-13T07:51:13;19.00;;;5.00;;
27552;SDS011;14996;53.42309106;-1.52489752;2020-04-13T07:53:58;20.42;;;5.05;;
27552;SDS011;14996;53.42309106;-1.52489752;2020-04-13T07:56:27;19.10;;;5.07;;
27552;SDS011;14996;53.42309106;-1.52489752;2020-04-13T07:58:52;22.00;;;5.00;;
27552;SDS011;14996;53.42309106;-1.52489752;2020-04-13T08:01:18;22.00;;;4.65;;
27552;SDS011;14996;53.42309106;-1.52489752;2020-04-13T08:03:44;20.90;;;4.60;;
27552;SDS011;14996;53.42309106;-1.52489752;2020-04-13T08:06:09;23.17;;;5.10;;
27552;SDS011;14996;53.42309106;-1.52489752;2020-04-13T08:08:35;22.00;;;5.03;;
27552;SDS011;14996;53.42309106;-1.52489752;2020-04-13T08:11:02;22.90;;;4.82;;
27552;SDS011;14996;53.42309106;-1.52489752;2020-04-13T08:13:27;22.17;;;4.68;;
27552;SDS011;14996;53.42309106;-1.52489752;2020-04-13T08:15:53;21.90;;;4.57;;
27552;SDS011;14996;53.42309106;-1.52489752;2020-04-13T08:18:19;25.60;;;4.65;;
27552;SDS011;14996;53.42309106;-1.52489752;2020-04-13T08:20:44;18.52;;;5.20;;
27552;SDS011;14996;53.42309106;-1.52489752;2020-04-13T08:23:10;20.42;;;4.85;;
27552;SDS011;14996;53.42309106;-1.52489752;2020-04-13T08:25:36;23.55;;;4.72;;
27552;SDS011;14996;53.42309106;-1.52489752;2020-04-13T08:28:02;19.12;;;4.70;;
27552;SDS011;14996;53.42309106;-1.52489752;2020-04-13T08:30:28;23.20;;;4.75;;
27552;SDS011;14996;53.42309106;-1.52489752;2020-04-13T08:32:53;13.90;;;3.95;;
27552;SDS011;14996;53.42309106;-1.52489752;2020-04-13T08:35:19;19.40;;;4.80;;
27552;SDS011;14996;53.42309106;-1.52489752;2020-04-13T08:37:44;20.55;;;4.35;;
27552;SDS011;14996;53.42309106;-1.52489752;2020-04-13T08:40:10;19.77;;;4.68;;
27552;SDS011;14996;53.42309106;-1.52489752;2020-04-13T08:42:36;20.12;;;4.70;;
27552;SDS011;14996;53.42309106;-1.52489752;2020-04-13T08:45:02;18.48;;;4.82;;
27552;SDS011;14996;53.42309106;-1.52489752;2020-04-13T08:47:27;21.27;;;4.47;;
27552;SDS011;14996;53.42309106;-1.52489752;2020-04-13T08:49:53;21.92;;;4.55;;
27552;SDS011;14996;53.42309106;-1.52489752;2020-04-13T08:52:19;20.85;;;4.82;;
27552;SDS011;14996;53.42309106;-1.52489752;2020-04-13T08:54:45;16.85;;;4.07;;
27552;SDS011;14996;53.42309106;-1.52489752;2020-04-13T08:57:10;16.87;;;4.47;;
27552;SDS011;14996;53.42309106;-1.52489752;2020-04-13T08:59:36;15.00;;;4.10;;
27552;SDS011;14996;53.42309106;-1.52489752;2020-04-13T09:02:02;18.48;;;4.80;;
27552;SDS011;14996;53.42309106;-1.52489752;2020-04-13T09:04:27;22.45;;;4.87;;
27552;SDS011;14996;53.42309106;-1.52489752;2020-04-13T09:06:53;20.33;;;4.20;;
27552;SDS011;14996;53.42309106;-1.52489752;2020-04-13T09:09:18;21.87;;;4.75;;
27552;SDS011;14996;53.42309106;-1.52489752;2020-04-13T09:11:44;18.77;;;4.75;;
27552;SDS011;14996;53.42309106;-1.52489752;2020-04-13T09:14:10;19.80;;;4.85;;
27552;SDS011;14996;53.42309106;-1.52489752;2020-04-13T09:16:35;15.93;;;4.90;;
27552;SDS011;14996;53.42309106;-1.52489752;2020-04-13T09:19:01;16.85;;;5.30;;
27552;SDS011;14996;53.42309106;-1.52489752;2020-04-13T09:21:27;20.70;;;5.93;;
27552;SDS011;14996;53.42309106;-1.52489752;2020-04-13T09:23:52;26.70;;;5.50;;
27552;SDS011;14996;53.42309106;-1.52489752;2020-04-13T09:26:18;19.40;;;4.90;;
27552;SDS011;14996;53.42309106;-1.52489752;2020-04-13T09:28:44;18.98;;;4.75;;
27552;SDS011;14996;53.42309106;-1.52489752;2020-04-13T09:31:09;25.55;;;5.37;;
27552;SDS011;14996;53.42309106;-1.52489752;2020-04-13T09:33:35;20.65;;;4.45;;
27552;SDS011;14996;53.42309106;-1.52489752;2020-04-13T09:36:01;15.07;;;3.70;;
27552;SDS011;14996;53.42309106;-1.52489752;2020-04-13T09:38:26;20.90;;;4.82;;
27552;SDS011;14996;53.42309106;-1.52489752;2020-04-13T09:40:52;18.02;;;4.45;;
27552;SDS011;14996;53.42309106;-1.52489752;2020-04-13T09:43:18;19.35;;;4.05;;
27552;SDS011;14996;53.42309106;-1.52489752;2020-04-13T09:45:43;24.55;;;4.50;;
27552;SDS011;14996;53.42309106;-1.52489752;2020-04-13T09:48:09;15.13;;;3.70;;
27552;SDS011;14996;53.42309106;-1.52489752;2020-04-13T09:50:35;13.90;;;4.05;;
27552;SDS011;14996;53.42309106;-1.52489752;2020-04-13T09:53:00;18.87;;;3.80;;
27552;SDS011;14996;53.42309106;-1.52489752;2020-04-13T09:55:26;19.65;;;3.87;;
27552;SDS011;14996;53.42309106;-1.52489752;2020-04-13T09:57:52;16.80;;;4.00;;
27552;SDS011;14996;53.42309106;-1.52489752;2020-04-13T10:00:18;13.98;;;3.72;;
27552;SDS011;14996;53.42309106;-1.52489752;2020-04-13T10:02:44;14.55;;;3.75;;
27552;SDS011;14996;53.42309106;-1.52489752;2020-04-13T10:05:10;20.27;;;4.03;;
27552;SDS011;14996;53.42309106;-1.52489752;2020-04-13T10:07:35;13.82;;;4.15;;
27552;SDS011;14996;53.42309106;-1.52489752;2020-04-13T10:10:01;16.65;;;4.57;;
27552;SDS011;14996;53.42309106;-1.52489752;2020-04-13T10:12:27;16.25;;;4.37;;
27552;SDS011;14996;53.42309106;-1.52489752;2020-04-13T10:14:53;19.50;;;4.70;;
27552;SDS011;14996;53.42309106;-1.52489752;2020-04-13T10:17:18;14.70;;;4.62;;
27552;SDS011;14996;53.42309106;-1.52489752;2020-04-13T10:19:54;18.45;;;5.03;;
27552;SDS011;14996;53.42309106;-1.52489752;2020-04-13T10:22:44;27.00;;;4.75;;
27552;SDS011;14996;53.42309106;-1.52489752;2020-04-13T10:25:36;18.33;;;4.43;;
27552;SDS011;14996;53.42309106;-1.52489752;2020-04-13T10:28:02;16.10;;;3.70;;
27552;SDS011;14996;53.42309106;-1.52489752;2020-04-13T10:30:36;19.23;;;4.35;;
27552;SDS011;14996;53.42309106;-1.52489752;2020-04-13T10:33:05;22.98;;;5.05;;
27552;SDS011;14996;53.42309106;-1.52489752;2020-04-13T10:35:30;19.48;;;4.62;;
27552;SDS011;14996;53.42309106;-1.52489752;2020-04-13T10:37:56;13.88;;;4.18;;
27552;SDS011;14996;53.42309106;-1.52489752;2020-04-13T10:40:22;9.23;;;3.25;;
27552;SDS011;14996;53.42309106;-1.52489752;2020-04-13T10:42:47;16.80;;;4.40;;
27552;SDS011;14996;53.42309106;-1.52489752;2020-04-13T10:45:13;12.45;;;3.87;;
27552;SDS011;14996;53.42309106;-1.52489752;2020-04-13T10:47:39;12.25;;;4.18;;
27552;SDS011;14996;53.42309106;-1.52489752;2020-04-13T10:50:05;14.25;;;4.07;;
27552;SDS011;14996;53.42309106;-1.52489752;2020-04-13T10:52:31;11.73;;;3.62;;
27552;SDS011;14996;53.42309106;-1.52489752;2020-04-13T10:54:56;9.65;;;3.90;;
27552;SDS011;14996;53.42309106;-1.52489752;2020-04-13T10:57:22;14.18;;;3.85;;
27552;SDS011;14996;53.42309106;-1.52489752;2020-04-13T10:59:48;13.73;;;3.70;;
27552;SDS011;14996;53.42309106;-1.52489752;2020-04-13T11:02:16;11.12;;;4.05;;
27552;SDS011;14996;53.42309106;-1.52489752;2020-04-13T11:04:42;11.48;;;3.37;;
27552;SDS011;14996;53.42309106;-1.52489752;2020-04-13T11:07:10;12.88;;;3.95;;
27552;SDS011;14996;53.42309106;-1.52489752;2020-04-13T11:09:37;16.95;;;3.65;;
27552;SDS011;14996;53.42309106;-1.52489752;2020-04-13T11:12:03;13.80;;;3.80;;
27552;SDS011;14996;53.42309106;-1.52489752;2020-04-13T11:14:31;11.88;;;3.83;;
27552;SDS011;14996;53.42309106;-1.52489752;2020-04-13T11:16:58;14.13;;;3.20;;
27552;SDS011;14996;53.42309106;-1.52489752;2020-04-13T11:19:23;15.73;;;4.05;;
27552;SDS011;14996;53.42309106;-1.52489752;2020-04-13T11:21:49;8.23;;;3.45;;
27552;SDS011;14996;53.42309106;-1.52489752;2020-04-13T11:24:15;13.02;;;3.45;;
27552;SDS011;14996;53.42309106;-1.52489752;2020-04-13T11:26:48;12.15;;;3.28;;
27552;SDS011;14996;53.42309106;-1.52489752;2020-04-13T11:29:15;13.27;;;3.72;;
27552;SDS011;14996;53.42309106;-1.52489752;2020-04-13T11:31:42;16.25;;;4.18;;
27552;SDS011;14996;53.42309106;-1.52489752;2020-04-13T11:34:10;10.23;;;3.20;;
27552;SDS011;14996;53.42309106;-1.52489752;2020-04-13T11:36:38;12.13;;;3.92;;
27552;SDS011;14996;53.42309106;-1.52489752;2020-04-13T11:39:10;10.88;;;3.90;;
27552;SDS011;14996;53.42309106;-1.52489752;2020-04-13T11:41:38;10.10;;;3.97;;
27552;SDS011;14996;53.42309106;-1.52489752;2020-04-13T11:44:04;11.50;;;3.85;;
27552;SDS011;14996;53.42309106;-1.52489752;2020-04-13T11:46:30;14.15;;;4.40;;
27552;SDS011;14996;53.42309106;-1.52489752;2020-04-13T11:48:55;12.95;;;3.50;;
27552;SDS011;14996;53.42309106;-1.52489752;2020-04-13T11:51:21;12.73;;;3.05;;
27552;SDS011;14996;53.42309106;-1.52489752;2020-04-13T11:53:47;17.92;;;3.67;;
27552;SDS011;14996;53.42309106;-1.52489752;2020-04-13T11:56:14;15.27;;;4.18;;
27552;SDS011;14996;53.42309106;-1.52489752;2020-04-13T11:58:40;16.85;;;4.15;;
27552;SDS011;14996;53.42309106;-1.52489752;2020-04-13T12:01:08;17.02;;;3.87;;
27552;SDS011;14996;53.42309106;-1.52489752;2020-04-13T12:03:35;21.58;;;4.68;;
27552;SDS011;14996;53.42309106;-1.52489752;2020-04-13T12:06:01;15.73;;;4.15;;
27552;SDS011;14996;53.42309106;-1.52489752;2020-04-13T12:08:28;11.65;;;3.90;;
27552;SDS011;14996;53.42309106;-1.52489752;2020-04-13T12:10:55;20.52;;;4.20;;
27552;SDS011;14996;53.42309106;-1.52489752;2020-04-13T12:13:22;13.60;;;3.60;;
27552;SDS011;14996;53.42309106;-1.52489752;2020-04-13T12:15:48;13.27;;;3.10;;
27552;SDS011;14996;53.42309106;-1.52489752;2020-04-13T12:18:13;13.13;;;4.07;;
27552;SDS011;14996;53.42309106;-1.52489752;2020-04-13T12:20:39;13.32;;;3.85;;
27552;SDS011;14996;53.42309106;-1.52489752;2020-04-13T12:23:05;14.75;;;4.72;;
27552;SDS011;14996;53.42309106;-1.52489752;2020-04-13T12:25:30;16.17;;;4.93;;
27552;SDS011;14996;53.42309106;-1.52489752;2020-04-13T12:27:56;8.60;;;4.10;;
27552;SDS011;14996;53.42309106;-1.52489752;2020-04-13T12:30:22;16.27;;;3.97;;
27552;SDS011;14996;53.42309106;-1.52489752;2020-04-13T12:32:47;18.67;;;5.03;;
27552;SDS011;14996;53.42309106;-1.52489752;2020-04-13T12:35:13;13.85;;;3.60;;
27552;SDS011;14996;53.42309106;-1.52489752;2020-04-13T12:37:39;16.50;;;4.25;;
27552;SDS011;14996;53.42309106;-1.52489752;2020-04-13T12:40:05;19.45;;;5.53;;
27552;SDS011;14996;53.42309106;-1.52489752;2020-04-13T12:42:31;18.90;;;4.75;;
27552;SDS011;14996;53.42309106;-1.52489752;2020-04-13T12:44:56;17.33;;;4.15;;
27552;SDS011;14996;53.42309106;-1.52489752;2020-04-13T12:47:23;14.90;;;4.90;;
27552;SDS011;14996;53.42309106;-1.52489752;2020-04-13T12:49:49;14.82;;;4.90;;
27552;SDS011;14996;53.42309106;-1.52489752;2020-04-13T12:52:17;14.55;;;4.85;;
27552;SDS011;14996;53.42309106;-1.52489752;2020-04-13T12:54:43;16.30;;;4.40;;
27552;SDS011;14996;53.42309106;-1.52489752;2020-04-13T12:57:08;15.13;;;4.40;;
27552;SDS011;14996;53.42309106;-1.52489752;2020-04-13T12:59:34;16.27;;;4.37;;
27552;SDS011;14996;53.42309106;-1.52489752;2020-04-13T13:02:00;16.62;;;3.87;;
27552;SDS011;14996;53.42309106;-1.52489752;2020-04-13T13:04:25;12.35;;;4.32;;
27552;SDS011;14996;53.42309106;-1.52489752;2020-04-13T13:06:51;18.23;;;4.57;;
27552;SDS011;14996;53.42309106;-1.52489752;2020-04-13T13:09:20;13.75;;;4.40;;
27552;SDS011;14996;53.42309106;-1.52489752;2020-04-13T13:12:04;17.20;;;4.37;;
27552;SDS011;14996;53.42309106;-1.52489752;2020-04-13T13:14:33;18.17;;;4.60;;
27552;SDS011;14996;53.42309106;-1.52489752;2020-04-13T13:16:58;12.68;;;3.92;;
27552;SDS011;14996;53.42309106;-1.52489752;2020-04-13T13:19:24;13.90;;;4.07;;
27552;SDS011;14996;53.42309106;-1.52489752;2020-04-13T13:21:50;11.20;;;4.50;;
27552;SDS011;14996;53.42309106;-1.52489752;2020-04-13T13:24:15;12.68;;;4.00;;
27552;SDS011;14996;53.42309106;-1.52489752;2020-04-13T13:26:42;14.30;;;4.43;;
27552;SDS011;14996;53.42309106;-1.52489752;2020-04-13T13:29:08;16.52;;;4.70;;
27552;SDS011;14996;53.42309106;-1.52489752;2020-04-13T13:31:35;21.40;;;5.10;;
27552;SDS011;14996;53.42309106;-1.52489752;2020-04-13T13:34:01;18.25;;;5.00;;
27552;SDS011;14996;53.42309106;-1.52489752;2020-04-13T13:36:32;14.07;;;4.40;;
27552;SDS011;14996;53.42309106;-1.52489752;2020-04-13T13:39:05;28.02;;;5.50;;
27552;SDS011;14996;53.42309106;-1.52489752;2020-04-13T13:41:35;18.80;;;5.35;;
27552;SDS011;14996;53.42309106;-1.52489752;2020-04-13T13:44:01;14.90;;;4.50;;
27552;SDS011;14996;53.42309106;-1.52489752;2020-04-13T13:46:26;14.18;;;5.32;;
27552;SDS011;14996;53.42309106;-1.52489752;2020-04-13T13:48:52;16.05;;;4.72;;
27552;SDS011;14996;53.42309106;-1.52489752;2020-04-13T13:51:18;15.75;;;5.00;;
27552;SDS011;14996;53.42309106;-1.52489752;2020-04-13T13:53:43;14.60;;;4.40;;
27552;SDS011;14996;53.42309106;-1.52489752;2020-04-13T13:56:09;18.42;;;5.37;;
27552;SDS011;14996;53.42309106;-1.52489752;2020-04-13T13:58:35;11.27;;;4.28;;
27552;SDS011;14996;53.42309106;-1.52489752;2020-04-13T14:01:00;17.55;;;4.43;;
27552;SDS011;14996;53.42309106;-1.52489752;2020-04-13T14:03:26;22.00;;;4.65;;
27552;SDS011;14996;53.42309106;-1.52489752;2020-04-13T14:05:52;17.40;;;4.85;;
27552;SDS011;14996;53.42309106;-1.52489752;2020-04-13T14:08:17;12.93;;;4.68;;
27552;SDS011;14996;53.42309106;-1.52489752;2020-04-13T14:10:43;10.77;;;4.18;;
27552;SDS011;14996;53.42309106;-1.52489752;2020-04-13T14:13:08;12.80;;;5.18;;
27552;SDS011;14996;53.42309106;-1.52489752;2020-04-13T14:15:34;17.55;;;4.40;;
27552;SDS011;14996;53.42309106;-1.52489752;2020-04-13T14:18:00;13.43;;;4.60;;
27552;SDS011;14996;53.42309106;-1.52489752;2020-04-13T14:20:26;19.62;;;4.60;;
27552;SDS011;14996;53.42309106;-1.52489752;2020-04-13T14:22:51;16.98;;;4.65;;
27552;SDS011;14996;53.42309106;-1.52489752;2020-04-13T14:25:17;11.07;;;4.15;;
27552;SDS011;14996;53.42309106;-1.52489752;2020-04-13T14:27:43;9.85;;;4.15;;
27552;SDS011;14996;53.42309106;-1.52489752;2020-04-13T14:30:08;17.40;;;4.25;;
27552;SDS011;14996;53.42309106;-1.52489752;2020-04-13T14:32:34;11.60;;;4.03;;
27552;SDS011;14996;53.42309106;-1.52489752;2020-04-13T14:35:00;15.50;;;4.72;;
27552;SDS011;14996;53.42309106;-1.52489752;2020-04-13T14:37:25;17.50;;;4.30;;
27552;SDS011;14996;53.42309106;-1.52489752;2020-04-13T14:39:51;17.87;;;4.20;;
27552;SDS011;14996;53.42309106;-1.52489752;2020-04-13T14:42:16;13.20;;;4.18;;
27552;SDS011;14996;53.42309106;-1.52489752;2020-04-13T14:44:42;13.52;;;4.97;;
27552;SDS011;14996;53.42309106;-1.52489752;2020-04-13T14:47:08;19.67;;;4.47;;
27552;SDS011;14996;53.42309106;-1.52489752;2020-04-13T14:49:33;16.58;;;4.80;;
27552;SDS011;14996;53.42309106;-1.52489752;2020-04-13T14:51:59;17.90;;;4.75;;
27552;SDS011;14996;53.42309106;-1.52489752;2020-04-13T14:54:25;14.68;;;4.68;;
27552;SDS011;14996;53.42309106;-1.52489752;2020-04-13T14:56:50;22.33;;;5.43;;
27552;SDS011;14996;53.42309106;-1.52489752;2020-04-13T14:59:18;16.17;;;4.43;;
27552;SDS011;14996;53.42309106;-1.52489752;2020-04-13T15:01:43;19.30;;;5.82;;
27552;SDS011;14996;53.42309106;-1.52489752;2020-04-13T15:04:09;13.20;;;5.07;;
27552;SDS011;14996;53.42309106;-1.52489752;2020-04-13T15:06:35;18.92;;;4.62;;
27552;SDS011;14996;53.42309106;-1.52489752;2020-04-13T15:09:02;18.85;;;4.80;;
27552;SDS011;14996;53.42309106;-1.52489752;2020-04-13T15:11:30;16.67;;;4.68;;
27552;SDS011;14996;53.42309106;-1.52489752;2020-04-13T15:13:56;20.83;;;4.70;;
27552;SDS011;14996;53.42309106;-1.52489752;2020-04-13T15:16:22;16.67;;;4.65;;
27552;SDS011;14996;53.42309106;-1.52489752;2020-04-13T15:18:47;12.23;;;4.43;;
27552;SDS011;14996;53.42309106;-1.52489752;2020-04-13T15:21:13;14.63;;;5.22;;
27552;SDS011;14996;53.42309106;-1.52489752;2020-04-13T15:23:39;15.82;;;4.80;;
27552;SDS011;14996;53.42309106;-1.52489752;2020-04-13T15:26:04;22.62;;;4.78;;
27552;SDS011;14996;53.42309106;-1.52489752;2020-04-13T15:28:30;15.90;;;4.32;;
27552;SDS011;14996;53.42309106;-1.52489752;2020-04-13T15:30:55;13.80;;;5.00;;
27552;SDS011;14996;53.42309106;-1.52489752;2020-04-13T15:33:21;11.73;;;4.18;;
27552;SDS011;14996;53.42309106;-1.52489752;2020-04-13T15:35:47;16.15;;;4.65;;
27552;SDS011;14996;53.42309106;-1.52489752;2020-04-13T15:38:12;18.55;;;5.82;;
27552;SDS011;14996;53.42309106;-1.52489752;2020-04-13T15:40:38;16.17;;;5.35;;
27552;SDS011;14996;53.42309106;-1.52489752;2020-04-13T15:43:04;17.62;;;4.97;;
27552;SDS011;14996;53.42309106;-1.52489752;2020-04-13T15:45:29;15.30;;;4.82;;
27552;SDS011;14996;53.42309106;-1.52489752;2020-04-13T15:47:55;16.12;;;5.28;;
27552;SDS011;14996;53.42309106;-1.52489752;2020-04-13T15:50:24;15.60;;;5.28;;
27552;SDS011;14996;53.42309106;-1.52489752;2020-04-13T15:52:50;15.68;;;6.32;;
27552;SDS011;14996;53.42309106;-1.52489752;2020-04-13T15:55:16;19.60;;;5.82;;
27552;SDS011;14996;53.42309106;-1.52489752;2020-04-13T15:57:42;20.92;;;5.55;;
27552;SDS011;14996;53.42309106;-1.52489752;2020-04-13T16:00:07;14.63;;;5.00;;
27552;SDS011;14996;53.42309106;-1.52489752;2020-04-13T16:02:34;24.08;;;5.65;;
27552;SDS011;14996;53.42309106;-1.52489752;2020-04-13T16:05:00;15.40;;;5.60;;
27552;SDS011;14996;53.42309106;-1.52489752;2020-04-13T16:07:26;13.80;;;4.80;;
27552;SDS011;14996;53.42309106;-1.52489752;2020-04-13T16:09:51;25.62;;;5.90;;
27552;SDS011;14996;53.42309106;-1.52489752;2020-04-13T16:12:17;17.15;;;5.45;;
27552;SDS011;14996;53.42309106;-1.52489752;2020-04-13T16:14:43;16.20;;;5.50;;
27552;SDS011;14996;53.42309106;-1.52489752;2020-04-13T16:17:09;14.87;;;5.70;;
27552;SDS011;14996;53.42309106;-1.52489752;2020-04-13T16:19:36;15.88;;;6.18;;
27552;SDS011;14996;53.42309106;-1.52489752;2020-04-13T16:22:02;15.32;;;5.32;;
27552;SDS011;14996;53.42309106;-1.52489752;2020-04-13T16:24:28;15.68;;;5.10;;
27552;SDS011;14996;53.42309106;-1.52489752;2020-04-13T16:26:53;20.45;;;5.57;;
27552;SDS011;14996;53.42309106;-1.52489752;2020-04-13T16:29:21;15.50;;;4.65;;
27552;SDS011;14996;53.42309106;-1.52489752;2020-04-13T16:31:47;14.63;;;5.20;;
27552;SDS011;14996;53.42309106;-1.52489752;2020-04-13T16:34:13;10.18;;;4.47;;
27552;SDS011;14996;53.42309106;-1.52489752;2020-04-13T16:36:39;18.37;;;5.25;;
27552;SDS011;14996;53.42309106;-1.52489752;2020-04-13T16:39:05;12.88;;;4.30;;
27552;SDS011;14996;53.42309106;-1.52489752;2020-04-13T16:41:30;12.98;;;4.50;;
27552;SDS011;14996;53.42309106;-1.52489752;2020-04-13T16:43:56;11.80;;;3.70;;
27552;SDS011;14996;53.42309106;-1.52489752;2020-04-13T16:46:22;13.50;;;4.07;;
27552;SDS011;14996;53.42309106;-1.52489752;2020-04-13T16:48:48;17.75;;;5.12;;
27552;SDS011;14996;53.42309106;-1.52489752;2020-04-13T16:51:14;16.05;;;4.50;;
27552;SDS011;14996;53.42309106;-1.52489752;2020-04-13T16:53:39;18.75;;;4.35;;
27552;SDS011;14996;53.42309106;-1.52489752;2020-04-13T16:56:05;17.00;;;5.12;;
27552;SDS011;14996;53.42309106;-1.52489752;2020-04-13T16:58:31;18.92;;;4.90;;
27552;SDS011;14996;53.42309106;-1.52489752;2020-04-13T17:00:57;24.42;;;4.43;;
27552;SDS011;14996;53.42309106;-1.52489752;2020-04-13T17:03:23;13.40;;;4.00;;
27552;SDS011;14996;53.42309106;-1.52489752;2020-04-13T17:05:49;21.87;;;4.45;;
27552;SDS011;14996;53.42309106;-1.52489752;2020-04-13T17:08:14;20.62;;;4.95;;
27552;SDS011;14996;53.42309106;-1.52489752;2020-04-13T17:10:40;12.93;;;4.60;;
27552;SDS011;14996;53.42309106;-1.52489752;2020-04-13T17:13:06;19.65;;;4.47;;
27552;SDS011;14996;53.42309106;-1.52489752;2020-04-13T17:15:31;21.42;;;4.95;;
27552;SDS011;14996;53.42309106;-1.52489752;2020-04-13T17:17:57;18.23;;;5.15;;
27552;SDS011;14996;53.42309106;-1.52489752;2020-04-13T17:20:23;20.10;;;5.75;;
27552;SDS011;14996;53.42309106;-1.52489752;2020-04-13T17:22:49;15.18;;;4.70;;
27552;SDS011;14996;53.42309106;-1.52489752;2020-04-13T17:25:15;10.52;;;5.32;;
27552;SDS011;14996;53.42309106;-1.52489752;2020-04-13T17:27:40;20.30;;;5.90;;
27552;SDS011;14996;53.42309106;-1.52489752;2020-04-13T17:30:06;13.62;;;5.25;;
27552;SDS011;14996;53.42309106;-1.52489752;2020-04-13T17:32:33;14.68;;;5.07;;
27552;SDS011;14996;53.42309106;-1.52489752;2020-04-13T17:34:59;17.25;;;5.00;;
27552;SDS011;14996;53.42309106;-1.52489752;2020-04-13T17:37:25;15.32;;;4.68;;
27552;SDS011;14996;53.42309106;-1.52489752;2020-04-13T17:39:50;17.02;;;4.70;;
27552;SDS011;14996;53.42309106;-1.52489752;2020-04-13T17:42:16;14.80;;;5.05;;
27552;SDS011;14996;53.42309106;-1.52489752;2020-04-13T17:44:42;13.52;;;4.82;;
27552;SDS011;14996;53.42309106;-1.52489752;2020-04-13T17:47:08;18.92;;;5.15;;
27552;SDS011;14996;53.42309106;-1.52489752;2020-04-13T17:49:54;18.27;;;4.37;;
27552;SDS011;14996;53.42309106;-1.52489752;2020-04-13T17:52:38;17.73;;;4.40;;
27552;SDS011;14996;53.42309106;-1.52489752;2020-04-13T17:55:06;10.82;;;3.78;;
27552;SDS011;14996;53.42309106;-1.52489752;2020-04-13T17:57:32;16.00;;;5.25;;
27552;SDS011;14996;53.42309106;-1.52489752;2020-04-13T17:59:58;15.07;;;4.40;;
27552;SDS011;14996;53.42309106;-1.52489752;2020-04-13T18:02:23;18.45;;;4.37;;
27552;SDS011;14996;53.42309106;-1.52489752;2020-04-13T18:04:49;16.05;;;4.47;;
27552;SDS011;14996;53.42309106;-1.52489752;2020-04-13T18:07:16;17.37;;;5.10;;
27552;SDS011;14996;53.42309106;-1.52489752;2020-04-13T18:09:43;11.75;;;4.12;;
27552;SDS011;14996;53.42309106;-1.52489752;2020-04-13T18:12:09;15.70;;;4.45;;
27552;SDS011;14996;53.42309106;-1.52489752;2020-04-13T18:14:35;12.90;;;4.70;;
27552;SDS011;14996;53.42309106;-1.52489752;2020-04-13T18:17:01;15.77;;;5.32;;
27552;SDS011;14996;53.42309106;-1.52489752;2020-04-13T18:19:27;16.98;;;5.00;;
27552;SDS011;14996;53.42309106;-1.52489752;2020-04-13T18:21:52;12.95;;;4.22;;
27552;SDS011;14996;53.42309106;-1.52489752;2020-04-13T18:24:19;18.42;;;6.07;;
27552;SDS011;14996;53.42309106;-1.52489752;2020-04-13T18:26:45;18.65;;;6.10;;
27552;SDS011;14996;53.42309106;-1.52489752;2020-04-13T18:29:10;19.73;;;6.12;;
27552;SDS011;14996;53.42309106;-1.52489752;2020-04-13T18:31:36;16.35;;;5.75;;
27552;SDS011;14996;53.42309106;-1.52489752;2020-04-13T18:34:02;16.90;;;6.07;;
27552;SDS011;14996;53.42309106;-1.52489752;2020-04-13T18:36:27;17.33;;;6.28;;
27552;SDS011;14996;53.42309106;-1.52489752;2020-04-13T18:38:53;16.83;;;6.30;;
27552;SDS011;14996;53.42309106;-1.52489752;2020-04-13T18:41:19;14.85;;;6.00;;
27552;SDS011;14996;53.42309106;-1.52489752;2020-04-13T18:43:44;24.10;;;7.03;;
27552;SDS011;14996;53.42309106;-1.52489752;2020-04-13T18:46:11;17.73;;;6.93;;
27552;SDS011;14996;53.42309106;-1.52489752;2020-04-13T18:48:37;14.10;;;6.65;;
27552;SDS011;14996;53.42309106;-1.52489752;2020-04-13T18:51:02;18.60;;;6.60;;
27552;SDS011;14996;53.42309106;-1.52489752;2020-04-13T18:53:28;19.55;;;8.50;;
27552;SDS011;14996;53.42309106;-1.52489752;2020-04-13T18:55:54;15.10;;;6.22;;
27552;SDS011;14996;53.42309106;-1.52489752;2020-04-13T18:58:19;21.70;;;6.10;;
27552;SDS011;14996;53.42309106;-1.52489752;2020-04-13T19:00:45;14.63;;;6.35;;
27552;SDS011;14996;53.42309106;-1.52489752;2020-04-13T19:03:11;15.48;;;6.12;;
27552;SDS011;14996;53.42309106;-1.52489752;2020-04-13T19:05:36;23.38;;;6.30;;
27552;SDS011;14996;53.42309106;-1.52489752;2020-04-13T19:08:02;19.58;;;5.50;;
27552;SDS011;14996;53.42309106;-1.52489752;2020-04-13T19:10:28;13.07;;;4.68;;
27552;SDS011;14996;53.42309106;-1.52489752;2020-04-13T19:12:53;20.85;;;5.05;;
27552;SDS011;14996;53.42309106;-1.52489752;2020-04-13T19:15:19;21.12;;;5.28;;
27552;SDS011;14996;53.42309106;-1.52489752;2020-04-13T19:17:45;16.85;;;5.25;;
27552;SDS011;14996;53.42309106;-1.52489752;2020-04-13T19:20:10;12.85;;;4.97;;
27552;SDS011;14996;53.42309106;-1.52489752;2020-04-13T19:22:36;22.58;;;5.57;;
27552;SDS011;14996;53.42309106;-1.52489752;2020-04-13T19:25:12;19.55;;;5.55;;
27552;SDS011;14996;53.42309106;-1.52489752;2020-04-13T19:27:47;15.55;;;4.87;;
27552;SDS011;14996;53.42309106;-1.52489752;2020-04-13T19:30:16;17.92;;;5.85;;
27552;SDS011;14996;53.42309106;-1.52489752;2020-04-13T19:32:57;14.00;;;5.40;;
27552;SDS011;14996;53.42309106;-1.52489752;2020-04-13T19:35:23;14.05;;;5.10;;
27552;SDS011;14996;53.42309106;-1.52489752;2020-04-13T19:38:06;24.07;;;5.77;;
27552;SDS011;14996;53.42309106;-1.52489752;2020-04-13T19:40:31;13.07;;;4.70;;
27552;SDS011;14996;53.42309106;-1.52489752;2020-04-13T19:43:06;20.37;;;6.12;;
27552;SDS011;14996;53.42309106;-1.52489752;2020-04-13T19:45:42;16.90;;;4.82;;
27552;SDS011;14996;53.42309106;-1.52489752;2020-04-13T19:48:13;19.60;;;5.53;;
27552;SDS011;14996;53.42309106;-1.52489752;2020-04-13T19:50:41;15.60;;;4.53;;
27552;SDS011;14996;53.42309106;-1.52489752;2020-04-13T19:53:12;16.98;;;5.28;;
27552;SDS011;14996;53.42309106;-1.52489752;2020-04-13T19:55:50;16.00;;;4.82;;
27552;SDS011;14996;53.42309106;-1.52489752;2020-04-13T19:58:39;18.62;;;5.50;;
27552;SDS011;14996;53.42309106;-1.52489752;2020-04-13T20:01:19;20.85;;;5.53;;
27552;SDS011;14996;53.42309106;-1.52489752;2020-04-13T20:03:47;18.23;;;5.78;;
27552;SDS011;14996;53.42309106;-1.52489752;2020-04-13T20:06:35;18.73;;;5.85;;
27552;SDS011;14996;53.42309106;-1.52489752;2020-04-13T20:09:01;16.50;;;5.18;;
27552;SDS011;14996;53.42309106;-1.52489752;2020-04-13T20:11:37;14.48;;;5.53;;
27552;SDS011;14996;53.42309106;-1.52489752;2020-04-13T20:14:15;18.62;;;6.03;;
27552;SDS011;14996;53.42309106;-1.52489752;2020-04-13T20:17:01;15.55;;;5.75;;
27552;SDS011;14996;53.42309106;-1.52489752;2020-04-13T20:19:26;20.05;;;6.28;;
27552;SDS011;14996;53.42309106;-1.52489752;2020-04-13T20:22:21;15.85;;;4.97;;
27552;SDS011;14996;53.42309106;-1.52489752;2020-04-13T20:24:52;13.48;;;4.57;;
27552;SDS011;14996;53.42309106;-1.52489752;2020-04-13T20:27:26;16.95;;;5.53;;
27552;SDS011;14996;53.42309106;-1.52489752;2020-04-13T20:29:58;12.52;;;4.55;;
27552;SDS011;14996;53.42309106;-1.52489752;2020-04-13T20:32:24;15.18;;;5.37;;
27552;SDS011;14996;53.42309106;-1.52489752;2020-04-13T20:34:50;19.95;;;5.25;;
27552;SDS011;14996;53.42309106;-1.52489752;2020-04-13T20:37:16;13.70;;;5.37;;
27552;SDS011;14996;53.42309106;-1.52489752;2020-04-13T20:39:46;20.67;;;5.12;;
27552;SDS011;14996;53.42309106;-1.52489752;2020-04-13T20:42:13;12.73;;;4.97;;
27552;SDS011;14996;53.42309106;-1.52489752;2020-04-13T20:44:39;15.82;;;5.10;;
27552;SDS011;14996;53.42309106;-1.52489752;2020-04-13T20:47:06;20.85;;;5.47;;
27552;SDS011;14996;53.42309106;-1.52489752;2020-04-13T20:49:32;15.98;;;5.28;;
27552;SDS011;14996;53.42309106;-1.52489752;2020-04-13T20:51:59;18.35;;;4.95;;
27552;SDS011;14996;53.42309106;-1.52489752;2020-04-13T20:54:25;18.48;;;5.12;;
27552;SDS011;14996;53.42309106;-1.52489752;2020-04-13T20:56:51;13.23;;;5.07;;
27552;SDS011;14996;53.42309106;-1.52489752;2020-04-13T20:59:17;17.98;;;5.00;;
27552;SDS011;14996;53.42309106;-1.52489752;2020-04-13T21:01:46;13.02;;;5.22;;
27552;SDS011;14996;53.42309106;-1.52489752;2020-04-13T21:04:14;16.98;;;5.25;;
27552;SDS011;14996;53.42309106;-1.52489752;2020-04-13T21:06:40;15.90;;;5.10;;
27552;SDS011;14996;53.42309106;-1.52489752;2020-04-13T21:09:06;21.30;;;5.43;;
27552;SDS011;14996;53.42309106;-1.52489752;2020-04-13T21:11:43;14.00;;;5.80;;
27552;SDS011;14996;53.42309106;-1.52489752;2020-04-13T21:14:13;21.27;;;6.05;;
27552;SDS011;14996;53.42309106;-1.52489752;2020-04-13T21:16:41;20.23;;;5.95;;
27552;SDS011;14996;53.42309106;-1.52489752;2020-04-13T21:19:08;20.65;;;5.93;;
27552;SDS011;14996;53.42309106;-1.52489752;2020-04-13T21:21:34;17.73;;;5.93;;
27552;SDS011;14996;53.42309106;-1.52489752;2020-04-13T21:23:59;17.33;;;5.32;;
27552;SDS011;14996;53.42309106;-1.52489752;2020-04-13T21:26:25;18.10;;;5.70;;
27552;SDS011;14996;53.42309106;-1.52489752;2020-04-13T21:28:52;17.23;;;6.37;;
27552;SDS011;14996;53.42309106;-1.52489752;2020-04-13T21:31:17;20.25;;;5.15;;
27552;SDS011;14996;53.42309106;-1.52489752;2020-04-13T21:33:43;15.93;;;5.35;;
27552;SDS011;14996;53.42309106;-1.52489752;2020-04-13T21:36:09;20.80;;;6.00;;
27552;SDS011;14996;53.42309106;-1.52489752;2020-04-13T21:38:35;19.23;;;5.80;;
27552;SDS011;14996;53.42309106;-1.52489752;2020-04-13T21:41:00;15.02;;;5.20;;
27552;SDS011;14996;53.42309106;-1.52489752;2020-04-13T21:43:26;17.35;;;6.15;;
27552;SDS011;14996;53.42309106;-1.52489752;2020-04-13T21:45:52;15.48;;;5.70;;
27552;SDS011;14996;53.42309106;-1.52489752;2020-04-13T21:48:18;15.13;;;5.60;;
27552;SDS011;14996;53.42309106;-1.52489752;2020-04-13T21:50:44;16.67;;;6.10;;
27552;SDS011;14996;53.42309106;-1.52489752;2020-04-13T21:53:09;17.87;;;6.12;;
27552;SDS011;14996;53.42309106;-1.52489752;2020-04-13T21:55:35;17.70;;;6.20;;
27552;SDS011;14996;53.42309106;-1.52489752;2020-04-13T21:58:01;22.52;;;6.40;;
27552;SDS011;14996;53.42309106;-1.52489752;2020-04-13T22:03:21;19.27;;;5.82;;
27552;SDS011;14996;53.42309106;-1.52489752;2020-04-13T22:05:49;17.12;;;6.15;;
27552;SDS011;14996;53.42309106;-1.52489752;2020-04-13T22:08:19;17.45;;;6.22;;
27552;SDS011;14996;53.42309106;-1.52489752;2020-04-13T22:10:51;19.70;;;6.12;;
27552;SDS011;14996;53.42309106;-1.52489752;2020-04-13T22:13:17;21.02;;;5.43;;
27552;SDS011;14996;53.42309106;-1.52489752;2020-04-13T22:15:42;16.17;;;5.75;;
27552;SDS011;14996;53.42309106;-1.52489752;2020-04-13T22:18:08;22.15;;;5.53;;
27552;SDS011;14996;53.42309106;-1.52489752;2020-04-13T22:20:34;12.95;;;5.28;;
27552;SDS011;14996;53.42309106;-1.52489752;2020-04-13T22:23:01;16.05;;;5.78;;
27552;SDS011;14996;53.42309106;-1.52489752;2020-04-13T22:25:27;20.08;;;5.05;;
27552;SDS011;14996;53.42309106;-1.52489752;2020-04-13T22:27:57;19.65;;;5.25;;
27552;SDS011;14996;53.42309106;-1.52489752;2020-04-13T22:30:25;20.92;;;5.53;;
27552;SDS011;14996;53.42309106;-1.52489752;2020-04-13T22:32:52;18.65;;;5.82;;
27552;SDS011;14996;53.42309106;-1.52489752;2020-04-13T22:35:19;17.33;;;6.12;;
27552;SDS011;14996;53.42309106;-1.52489752;2020-04-13T22:37:45;17.75;;;5.20;;
27552;SDS011;14996;53.42309106;-1.52489752;2020-04-13T22:40:25;19.65;;;5.82;;
27552;SDS011;14996;53.42309106;-1.52489752;2020-04-13T22:42:55;19.02;;;5.93;;
27552;SDS011;14996;53.42309106;-1.52489752;2020-04-13T22:45:21;16.08;;;5.68;;
27552;SDS011;14996;53.42309106;-1.52489752;2020-04-13T22:47:48;14.70;;;6.03;;
27552;SDS011;14996;53.42309106;-1.52489752;2020-04-13T22:50:14;18.62;;;6.30;;
27552;SDS011;14996;53.42309106;-1.52489752;2020-04-13T22:53:00;16.30;;;6.45;;
27552;SDS011;14996;53.42309106;-1.52489752;2020-04-13T22:55:46;13.48;;;5.68;;
27552;SDS011;14996;53.42309106;-1.52489752;2020-04-13T22:58:11;18.52;;;6.53;;
27552;SDS011;14996;53.42309106;-1.52489752;2020-04-13T23:00:37;25.48;;;7.15;;
27552;SDS011;14996;53.42309106;-1.52489752;2020-04-13T23:03:03;12.57;;;5.43;;
27552;SDS011;14996;53.42309106;-1.52489752;2020-04-13T23:05:29;16.75;;;5.93;;
27552;SDS011;14996;53.42309106;-1.52489752;2020-04-13T23:07:55;18.35;;;7.03;;
27552;SDS011;14996;53.42309106;-1.52489752;2020-04-13T23:10:21;24.37;;;6.57;;
27552;SDS011;14996;53.42309106;-1.52489752;2020-04-13T23:12:47;18.00;;;6.18;;
27552;SDS011;14996;53.42309106;-1.52489752;2020-04-13T23:15:17;16.00;;;5.47;;
27552;SDS011;14996;53.42309106;-1.52489752;2020-04-13T23:17:45;16.90;;;6.10;;
27552;SDS011;14996;53.42309106;-1.52489752;2020-04-13T23:20:12;16.83;;;6.20;;
27552;SDS011;14996;53.42309106;-1.52489752;2020-04-13T23:22:38;24.63;;;5.93;;
27552;SDS011;14996;53.42309106;-1.52489752;2020-04-13T23:25:04;20.75;;;6.35;;
27552;SDS011;14996;53.42309106;-1.52489752;2020-04-13T23:27:30;14.55;;;5.45;;
27552;SDS011;14996;53.42309106;-1.52489752;2020-04-13T23:29:55;19.08;;;5.80;;
27552;SDS011;14996;53.42309106;-1.52489752;2020-04-13T23:32:21;15.43;;;5.95;;
27552;SDS011;14996;53.42309106;-1.52489752;2020-04-13T23:34:47;19.20;;;5.85;;
27552;SDS011;14996;53.42309106;-1.52489752;2020-04-13T23:37:12;18.15;;;5.45;;
27552;SDS011;14996;53.42309106;-1.52489752;2020-04-13T23:39:38;18.15;;;6.07;;
27552;SDS011;14996;53.42309106;-1.52489752;2020-04-13T23:42:04;17.55;;;7.10;;
27552;SDS011;14996;53.42309106;-1.52489752;2020-04-13T23:44:29;18.80;;;6.18;;
27552;SDS011;14996;53.42309106;-1.52489752;2020-04-13T23:46:55;17.20;;;5.68;;
27552;SDS011;14996;53.42309106;-1.52489752;2020-04-13T23:49:21;17.77;;;6.07;;
27552;SDS011;14996;53.42309106;-1.52489752;2020-04-13T23:51:52;17.27;;;6.50;;
27552;SDS011;14996;53.42309106;-1.52489752;2020-04-13T23:54:21;16.70;;;5.90;;
27552;SDS011;14996;53.42309106;-1.52489752;2020-04-13T23:56:56;22.50;;;6.15;;
27552;SDS011;14996;53.42309106;-1.52489752;2020-04-13T23:59:22;19.17;;;5.22;;
